Material_Cost,Labor_Cost,Total_Estimate,Project_Type,Total_Area,Number_of_Floors,Number_of_Basements,Location
43985,12836,1506993.0273615965,Industrial,329.32539933601316,3,3,Dallas
45504,17873,3178865.7108598454,Institutional,356.4550023390722,9,3,New York
33656,8401,1513091.0510539452,Commercial,287.38671435022695,8,3,Dallas
36509,8523,2281495.1646425542,Commercial,320.98697402730176,8,3,San Francisco
37372,14123,1604018.081117751,Commercial,304.7436270766127,10,1,Chicago
27906,28796,540792.7299160796,Residential,240.35232440714645,1,0,Atlanta
26951,21899,1222885.438695621,Commercial,234.2692411294293,10,2,Dallas
25365,21873,980785.9958842446,Institutional,203.7996874564664,1,1,Los Angeles
41029,23605,1764353.8729772503,Residential,311.1735225709436,8,2,New York
25123,21316,1377208.6310979796,Institutional,210.5622369571684,4,3,Los Angeles
20945,25877,738506.4277452871,Commercial,182.34726610994744,6,2,Atlanta
37157,20585,1044214.9407690162,Residential,309.3970194871159,6,2,Atlanta
31870,21905,1418837.992869978,Industrial,261.35388904914123,10,3,Atlanta
10431,13808,483384.54020445416,Residential,108.16996703875895,7,1,Los Angeles
21361,9585,569691.6526557215,Residential,184.51551503019323,1,3,Houston
19658,27182,1064852.7465845507,Institutional,170.7315611006174,5,1,San Francisco
46223,22701,2215396.194342866,Institutional,355.20221169518453,5,1,San Francisco
39571,19866,2736644.8603804796,Industrial,363.6060879544642,9,2,New York
20864,17154,996173.2303393926,Industrial,226.40300689531645,3,0,Los Angeles
31439,22866,2253930.672603542,Institutional,321.6684276585617,7,1,New York
18044,26737,766358.4551383606,Commercial,155.3376822009447,4,3,Chicago
39462,23512,1101182.8146532227,Institutional,299.641582218564,1,0,Miami
47605,28582,1184881.611097505,Residential,362.8345603360781,6,1,Houston
35246,10540,927332.3269370248,Institutional,294.3912149006428,1,0,Atlanta
42203,19813,1589750.5188381572,Industrial,339.5741880635161,9,1,Houston
48111,13085,2599797.7381153647,Industrial,407.49180848203207,10,1,Los Angeles
37369,25197,2309670.3945543026,Industrial,283.27001503069846,9,3,New York
36751,16230,1380619.1070462125,Residential,337.14752308820823,7,2,Miami
33545,29189,1664238.7351397674,Industrial,290.4227863918344,10,3,Houston
25869,5488,678977.0469210071,Commercial,195.9529716943743,3,0,Miami
41418,16604,1148619.6565576305,Commercial,364.6411608119462,2,0,Dallas
43478,5912,1333154.0777310284,Residential,352.5696734495281,3,1,Los Angeles
22457,20356,758996.8283471455,Commercial,172.10812434175637,9,0,Miami
21028,10344,816109.6401456946,Commercial,194.31181908230823,9,0,Dallas
13155,29884,562539.0696764025,Industrial,131.53270428273532,8,1,Atlanta
24308,23049,700009.6076903462,Residential,215.3875715970296,1,3,Dallas
49373,26883,1898109.7384877442,Residential,408.4152207612144,7,3,Chicago
26719,5331,1390604.4164190635,Residential,218.30524590566148,9,3,New York
11938,18803,709991.4763807738,Institutional,101.18703456159815,8,1,San Francisco
11697,22719,633797.1629959445,Industrial,208.4859088802449,1,0,Houston
14507,18946,647168.1752780983,Industrial,168.28795903840708,4,1,Houston
12509,22525,695907.8312827201,Institutional,141.6173852834188,7,2,Atlanta
26592,17348,913884.8498335291,Residential,227.05213660460353,4,0,New York
33267,14536,1932294.1606318876,Institutional,298.7467780816153,3,2,New York
24871,17250,1280772.9569904627,Institutional,208.51004590809322,8,3,Dallas
20070,13740,981995.0310536332,Industrial,181.15315655505333,3,1,New York
47266,13665,2058662.462711053,Commercial,385.0846357484199,8,2,Chicago
16236,14854,529075.5711186094,Industrial,109.3131345286383,3,1,Los Angeles
27684,10017,763792.9377821285,Commercial,200.39169297707681,2,1,Chicago
28804,28998,1295488.4936501884,Institutional,235.308054427425,3,3,Chicago
40588,29341,1126699.0955966404,Commercial,310.3854257841984,3,0,Chicago
27558,19055,1447467.818958019,Residential,219.39641060371642,10,3,New York
47741,6625,2166459.213742832,Institutional,378.93379050117306,3,1,San Francisco
37131,19987,1309510.9074229293,Commercial,296.94124884873685,9,0,Miami
22433,23154,1055715.2465062307,Commercial,223.715881861884,3,3,Chicago
22561,20843,983588.2248699265,Commercial,194.2890320730719,6,0,San Francisco
30447,19815,956787.756069759,Residential,258.24230933056924,5,3,Houston
38156,7020,1214609.8840745687,Commercial,355.61700602388186,4,1,Atlanta
17662,27155,443573.97450254665,Residential,128.5721665224773,4,2,Dallas
24129,16115,985985.2755120313,Commercial,243.4531544474151,8,0,Dallas
13093,25745,597606.6596379941,Industrial,118.96931430920412,4,3,Miami
13932,6027,939820.0186381128,Industrial,155.8057060076447,10,3,Dallas
14794,12454,1002908.4249480889,Institutional,141.50383420784323,6,2,San Francisco
16878,22871,783678.7907249209,Institutional,169.627443879853,3,2,Dallas
12129,7978,720253.9276903736,Industrial,98.65411019208491,7,3,San Francisco
26458,19630,1114749.8452303137,Industrial,230.39638004925467,9,2,Atlanta
33685,12808,1174136.6119113124,Residential,279.5563361693602,1,2,New York
15880,13796,1114707.2898692018,Industrial,142.9991905107248,10,2,New York
36310,24846,1302858.866260135,Institutional,287.0602586157999,2,3,Houston
24840,15112,932419.6926880212,Commercial,191.85590384527188,8,2,Dallas
21201,24571,655035.9404990248,Commercial,189.9480761197694,3,1,Houston
45147,18309,1815275.8142965492,Commercial,354.63263771361153,6,3,Miami
31454,9538,1316470.7061178137,Institutional,248.68395865271563,3,1,Los Angeles
46702,17663,1440098.3274928213,Commercial,367.4892063777534,6,1,Houston
33526,12402,1247368.0232045983,Commercial,248.26949757766795,10,1,Miami
43640,15138,1284995.7373553263,Industrial,326.87111756087864,2,3,Atlanta
45150,25293,1533409.8819930914,Industrial,323.3404778156822,7,2,Houston
36920,8440,1246710.834652595,Commercial,289.495143307232,10,1,Atlanta
20334,6764,709560.3878298952,Institutional,164.1550926153604,1,3,Houston
20588,12699,730032.7524894358,Residential,196.64181885237326,3,0,San Francisco
35065,15195,1514964.3331674307,Industrial,300.9703459089777,3,3,Chicago
42441,24652,1676967.7861474154,Residential,295.7615143117134,9,2,San Francisco
25736,26435,1250516.5900144086,Institutional,219.87104879374215,1,3,Los Angeles
42420,29541,1153387.7063366494,Commercial,274.6161205563451,1,0,New York
45867,23771,1126940.834117211,Commercial,359.4707604839588,3,0,Houston
42973,23157,1674648.9435425818,Residential,366.64454155283676,10,2,Miami
30602,6770,919964.4768479362,Residential,278.77711419634426,5,1,Dallas
34923,16741,1538132.5623488834,Industrial,287.00786728408775,10,1,Miami
26990,8383,799520.7855120855,Commercial,230.74192944071729,2,0,Chicago
16604,5251,620388.0563971597,Residential,180.47652549735554,3,0,Los Angeles
14761,17209,558809.822504492,Commercial,156.85889754512056,6,0,Houston
32215,14519,1850736.6183633644,Institutional,296.7350678793273,5,1,San Francisco
10250,26135,169533.67088028695,Residential,51.66740445875412,6,0,Miami
10632,29689,533974.6842405077,Residential,135.07659996597823,4,1,Los Angeles
20623,21988,925589.6536235906,Institutional,198.6883446653623,3,1,Chicago
35266,13056,1001674.8075924189,Residential,268.00663748292146,4,3,Dallas
19779,20009,549033.0005027881,Residential,192.64315807115372,1,2,Houston
41913,14783,1917571.6796832818,Commercial,345.88233760520956,5,1,New York
25950,6457,1179010.6448159527,Industrial,232.60153188446037,5,2,Chicago
32689,29923,795309.9029611298,Commercial,279.0561063021508,1,0,Houston
18864,15430,1165335.9568998625,Institutional,158.54910978229424,6,2,New York
41699,7482,1855514.1370300967,Institutional,320.71802558639644,10,2,Houston
48137,9491,1721032.3184651514,Commercial,386.3147740662517,8,0,Chicago
26249,25277,649622.6797111965,Commercial,217.08360224267216,2,0,Houston
14466,11387,615001.1506985867,Residential,157.76845296099702,8,1,Miami
26630,19940,958490.3570172056,Residential,240.3737572456942,10,0,Chicago
44769,22912,1487403.061731672,Residential,396.6408164617792,1,2,Los Angeles
28532,24619,940036.2186399684,Residential,246.9717487395648,10,0,Miami
46086,9105,1449411.3051087146,Residential,356.7781674113758,1,3,Los Angeles
37393,5098,2195005.0880383844,Industrial,312.6787874698553,8,3,Los Angeles
35440,10160,879929.4385295,Residential,304.7374678890043,3,0,Miami
28085,21650,731580.6543245745,Commercial,225.79649824832546,5,0,Atlanta
24800,20277,1117822.308209965,Institutional,233.97641197487494,7,0,Miami
41271,23478,1200637.0849499179,Commercial,300.9115501127614,9,0,Houston
18671,18398,782864.2704566349,Industrial,179.227168144834,1,3,Miami
40275,25855,1051926.6717609752,Residential,303.58634105655847,5,1,Miami
33949,14126,860893.7942154262,Residential,265.7079611776007,5,2,Atlanta
49032,24026,1457235.8515324818,Commercial,388.5962270753285,6,0,Dallas
32285,16250,1853569.2691210394,Industrial,289.33086743272963,3,3,New York
43805,18418,1801199.1827735018,Industrial,315.86686005427566,5,1,San Francisco
47145,8517,1890960.4422377811,Industrial,346.32975132560085,2,3,Los Angeles
20553,9928,1058791.3767564208,Commercial,182.81816053810252,3,3,San Francisco
43268,13383,1603594.9242321353,Industrial,378.778090568815,2,2,Miami
38790,28160,2204221.4964332855,Commercial,299.0396820557978,9,3,San Francisco
15809,28994,922543.0866971879,Industrial,150.6241978019181,10,2,Chicago
19684,21324,897612.5027450658,Industrial,212.50295993017656,3,2,Dallas
28660,17817,1130703.435747267,Industrial,226.5030920968083,7,2,Dallas
45464,29291,2898188.0274028797,Institutional,377.4603861493372,6,3,San Francisco
42393,21849,1188041.8553688107,Residential,353.18970059273454,4,3,Atlanta
13352,27475,1023968.8624213133,Industrial,169.3070209029949,8,0,New York
19644,20742,931259.4398361498,Residential,202.14558455268477,2,3,San Francisco
23859,8771,770186.2493792259,Residential,195.60285698520025,2,2,Los Angeles
29203,28947,1366300.2852250037,Commercial,250.2381474771069,9,3,Dallas
45570,25243,1401790.35985058,Residential,340.9645144057355,4,3,Chicago
12622,5810,709086.0248305893,Commercial,150.26192516011636,7,1,Chicago
35586,29333,1196806.7132492925,Commercial,284.14214464608085,7,2,Atlanta
35046,9038,1172368.2205472223,Institutional,290.0106915392015,3,0,Miami
21449,5275,698733.4992084659,Commercial,202.6195445000626,3,1,Houston
31673,9877,1000223.9719462156,Industrial,258.8571355968467,4,0,Miami
37586,18535,1431585.0608982097,Industrial,301.86931952138366,5,3,Houston
41133,28520,1293572.0388684664,Industrial,336.8677184553298,5,0,Dallas
27879,5997,920166.7698835849,Institutional,239.00435581391812,1,0,Chicago
41574,23728,1072481.0447329658,Industrial,338.5356833121735,3,0,Atlanta
44271,19697,2901871.3200211874,Industrial,372.2638700766096,10,2,New York
20626,5067,1419512.6802348993,Industrial,174.09643350604634,9,3,New York
23654,25922,930160.1129654323,Commercial,191.3909697459737,5,0,San Francisco
18436,15854,789388.5192267398,Commercial,177.19158680734895,3,0,San Francisco
28117,13267,716730.0639017618,Residential,245.03591928265357,1,3,Atlanta
33930,24531,1822781.206593042,Institutional,250.5024677513972,9,1,San Francisco
46497,16636,1498520.9319560365,Commercial,360.3946445300713,5,1,Miami
17411,11767,516092.27418287995,Institutional,141.10520141705535,1,1,Houston
15209,26604,578947.6444148388,Residential,146.19890010475729,5,2,Chicago
13284,24698,313395.91583634086,Residential,125.35836633453634,1,0,Dallas
41811,10220,1728929.4742300275,Institutional,332.64636348822074,8,0,Chicago
44616,18815,1027067.6472414518,Industrial,324.2006462252057,3,0,Atlanta
39330,9039,1158262.3930024153,Commercial,321.73955361178207,1,2,Dallas
48831,8690,2001434.2806158992,Commercial,373.22783787709074,6,3,Chicago
40053,15020,964496.3951198889,Industrial,317.2685510262793,1,0,Houston
18472,28745,830576.4485645815,Industrial,152.58973555345776,2,2,San Francisco
35117,28570,1466158.5842565354,Institutional,268.6563749525248,2,1,San Francisco
43499,12126,1383800.9293499687,Commercial,353.1230441722408,6,1,Houston
23910,26970,751743.3767945481,Residential,202.48979846317792,3,0,San Francisco
40776,12426,1392561.546389989,Commercial,323.8703520879095,2,3,Miami
41737,24046,1885025.220555041,Institutional,333.0727485740862,9,1,Miami
34623,19555,2086346.0767738104,Institutional,322.56432850553654,3,2,New York
15205,7334,498884.1120461761,Residential,165.261817655048,4,0,Miami
38335,26949,1374760.4865568872,Industrial,309.96583841921154,9,1,Atlanta
37379,14805,1730388.5962895101,Residential,294.2837748791685,9,2,New York
15393,28255,728362.0888917061,Residential,151.3479665229519,9,1,Los Angeles
33201,21609,1090094.3301230036,Commercial,236.1044682960805,8,2,Houston
16382,27880,811379.3017561346,Industrial,128.1071273456067,10,3,Miami
45641,24164,2213451.266918737,Commercial,350.3404980878026,5,3,San Francisco
26731,19076,788928.8339682095,Residential,224.76604956359245,7,2,Atlanta
16947,8391,628997.6881432694,Residential,167.56515168651862,7,1,Miami
33458,16678,1035329.7714309454,Industrial,280.12169140447656,1,1,Miami
28531,15520,1082456.4674356622,Industrial,246.01283350810502,3,0,Los Angeles
32260,9967,1185271.893978632,Residential,280.953337831972,6,0,San Francisco
37451,26225,1658847.5245344741,Residential,315.97095705418553,6,2,New York
40398,26042,1829484.0593257514,Commercial,364.13077759382026,10,1,Miami
23534,24839,1060438.215535274,Commercial,214.2299425323786,5,1,Los Angeles
44541,14874,1354522.6609254328,Industrial,361.784898751451,1,3,Atlanta
11449,9797,719636.2486265112,Industrial,110.71326901946327,6,3,Los Angeles
12257,22112,599858.898732779,Commercial,173.9477740271941,3,1,Houston
11348,12530,638450.4138223287,Institutional,121.48811451830619,2,3,Chicago
22546,13414,806857.687989154,Residential,214.94710302741362,3,3,Miami
10687,25786,587576.3626601098,Commercial,119.90130857261698,3,1,San Francisco
20909,22783,621413.6086507633,Industrial,168.93584402206483,3,1,Houston
21967,23440,716950.7522466603,Residential,222.82851662677862,3,3,Atlanta
48131,17663,2127663.062498895,Industrial,344.4158026578112,7,1,San Francisco
24639,21052,741770.750535799,Commercial,215.00601464805766,4,0,Dallas
15115,9922,810160.5562629555,Industrial,156.57091764512901,9,1,Miami
11787,21339,900689.975579445,Commercial,153.3741976295351,10,0,San Francisco
32940,13952,945894.0906272325,Residential,272.98530754032686,9,1,Atlanta
34148,5309,1094544.9786604084,Commercial,270.25801942232306,8,0,Dallas
12885,25159,603025.7314266077,Institutional,156.6300601108072,3,0,Dallas
38806,16270,993774.3326257901,Residential,345.6606374350575,4,0,Dallas
16816,18434,864539.7088861668,Commercial,153.69594824642968,6,2,Los Angeles
47652,17340,1026108.2140392854,Residential,355.36215204823736,2,1,Dallas
30048,18517,1602188.6575364957,Industrial,261.5903633647622,10,2,Chicago
23815,20940,893663.429506099,Commercial,226.96214082694573,2,0,Los Angeles
16223,10579,1042736.8846567953,Institutional,176.54804396305528,8,0,Los Angeles
11392,5447,1006749.5529820429,Institutional,142.52086184736322,4,3,San Francisco
30973,11926,1432917.1507677545,Institutional,253.18794076645545,9,1,Miami
10804,16030,558912.2448245828,Industrial,119.42569333858609,6,3,Atlanta
17416,21739,749589.456125159,Industrial,163.8088846427358,1,3,Chicago
28838,16882,1374446.2595070153,Commercial,217.54451717426645,5,3,San Francisco
18668,15151,837002.5600485067,Residential,181.68553738673324,2,3,San Francisco
35121,12734,1315205.6703639796,Commercial,284.6765520268354,9,1,Dallas
25507,18557,1455649.0666040995,Commercial,248.82890027420507,7,2,Los Angeles
29999,13338,1500903.979937718,Commercial,249.9007625603926,7,1,New York
25953,8116,1158451.1108034165,Industrial,226.96926152104552,10,0,Chicago
28181,18336,650642.7125328232,Residential,240.97878241956417,1,2,Atlanta
46141,25705,1641395.4798010387,Commercial,368.4389404716136,3,0,San Francisco
18564,14057,566204.7219341836,Residential,179.03706622424778,4,0,Chicago
22972,26956,1131187.2078589841,Commercial,222.5870145334482,9,1,Chicago
38748,29904,1766078.4521128417,Institutional,296.6454106177613,8,2,Miami
29832,22830,944900.4010026734,Institutional,222.6110436146122,2,1,Miami
42137,12349,1176836.8137717808,Industrial,335.1665566677434,2,1,Houston
47702,21723,2912225.641921028,Industrial,387.4289114943896,10,2,San Francisco
31171,7515,1186893.7745874396,Commercial,277.6359706637286,6,2,Houston
20231,6379,772093.0335347548,Residential,175.07778538203058,2,2,New York
49309,5844,1957099.547473293,Commercial,359.92635355830674,10,0,Los Angeles
45388,28990,1717007.6468798642,Institutional,350.4097238530335,1,0,New York
34072,18801,1382077.8760853074,Residential,253.1278161328402,5,3,New York
41478,28373,2110475.1042356296,Industrial,306.2921026697477,10,1,San Francisco
20649,7892,901568.3644189676,Industrial,160.58142711936583,10,1,Chicago
10059,21508,778896.915125462,Institutional,136.23628757277743,8,1,Chicago
31807,16167,1039667.473100991,Commercial,291.83648367747116,6,0,Houston
15136,13524,497777.3357460516,Residential,146.56675325610647,7,1,Houston
26041,6857,769217.1609709134,Residential,216.6427490852775,4,3,Houston
18112,29528,900872.8664142824,Commercial,184.79443413626302,6,3,Dallas
47649,16990,1334625.090692967,Residential,355.5444797050861,3,3,Miami
37831,23110,1663556.582166993,Commercial,309.65732833859056,10,3,Houston
21104,23996,557613.4010040112,Industrial,144.30988638820168,4,0,Miami
12049,9142,570716.7788922236,Industrial,138.57730645207448,7,1,Atlanta
31155,12999,1225955.4455168713,Commercial,265.53074410155324,8,2,Houston
23233,14214,970523.8096043892,Institutional,171.48578666037443,2,1,New York
25879,26924,1198913.8607420803,Industrial,237.8797342742223,2,2,Los Angeles
27581,16598,1181443.1646794255,Industrial,248.62019458742114,8,1,Dallas
11485,14278,655166.9018148202,Residential,151.57129018272303,9,3,Houston
43910,25373,1314162.1395596366,Industrial,324.6447973220446,4,0,Chicago
34699,13633,2105103.7669516993,Institutional,289.30169270276906,9,1,San Francisco
46293,9564,1814980.8886380994,Industrial,333.4400515575579,8,2,Miami
10394,29045,513733.74852328864,Commercial,124.5415147935245,6,1,Dallas
43614,21781,1165288.5569934396,Commercial,345.2706835536117,6,0,Atlanta
10399,25564,622170.5980933331,Institutional,105.1852236844181,7,3,Dallas
11027,5477,515915.998799251,Residential,107.81943548573688,10,2,Chicago
20688,18670,801594.8334349489,Institutional,209.6357851415362,4,0,Houston
46245,18085,1994674.56916457,Institutional,379.5584547194842,3,3,Miami
25419,24569,1028940.4369772292,Industrial,211.8207421313466,4,2,Chicago
38017,29405,1092920.8239869366,Commercial,306.6556745193425,3,2,Atlanta
14082,17811,1104647.690032887,Institutional,151.8103057833968,9,1,San Francisco
47661,21616,1186480.1895376877,Residential,378.4625803947967,5,1,Houston
10553,16716,379645.2081155777,Industrial,124.88329214328213,1,0,Houston
33550,23028,1388476.286225307,Industrial,290.2333374216779,4,3,Dallas
35774,26830,1520781.9788397797,Residential,282.50913341967345,10,1,San Francisco
49691,28396,2510016.608091378,Institutional,388.0668843678692,9,2,Chicago
47000,17219,1927523.9794534538,Institutional,325.870495258403,7,3,Dallas
22645,22341,809031.9733458288,Commercial,175.11514574585038,9,1,Dallas
27928,7361,1021025.926279767,Industrial,259.7237297211454,2,3,Atlanta
20504,19390,677361.3670447714,Residential,203.71770437436737,9,0,Houston
17038,25316,1071517.123889863,Institutional,158.5846929203926,7,1,San Francisco
10518,11777,327222.50522625097,Residential,124.65619246714323,1,0,Miami
27894,21658,829722.0500685384,Residential,226.85496926002412,9,1,Houston
31901,24103,818819.3802201945,Residential,275.81284386364445,6,0,Houston
27016,28252,771518.2839037786,Commercial,247.40044377225541,2,1,Atlanta
18454,15867,712229.7485772123,Residential,159.87199743596236,3,2,San Francisco
15442,7987,569432.9428669503,Residential,139.05566370377295,7,2,Miami
26568,19106,865663.7242330707,Commercial,218.10625453088204,2,2,Miami
42795,8661,1863176.9438175254,Institutional,338.4210233071519,7,1,Chicago
26827,27989,788464.0722346145,Industrial,200.565748940429,2,3,Atlanta
36132,20139,1271763.3910881737,Institutional,280.37111796476495,5,2,Atlanta
48895,5553,1361857.538125049,Residential,399.07913205129637,1,3,Miami
23436,17398,974337.7513667253,Industrial,179.74058282296434,9,1,Chicago
32953,8872,2007802.7084879922,Industrial,275.79707534175714,9,3,Los Angeles
26049,24565,694596.0722095531,Commercial,233.87073138368788,3,0,Atlanta
46912,27660,2466125.477179562,Institutional,381.2809952349354,3,2,New York
33129,7361,934405.1322432171,Residential,279.6573534585011,8,1,Atlanta
11345,21946,344074.57264497585,Residential,115.85002445958781,5,1,Atlanta
39351,28770,1801026.833316006,Commercial,274.50492810791127,8,2,San Francisco
23664,25400,998907.2965758645,Institutional,182.65733423101523,6,0,Los Angeles
11575,19694,686799.2164779826,Commercial,139.76378031704976,7,2,Miami
41880,13638,2227037.423335193,Institutional,314.22044773688793,6,2,San Francisco
39038,27858,1303460.9607033387,Residential,297.93393387504887,9,0,Los Angeles
41137,18440,1492556.5083133073,Industrial,338.6017487099155,10,0,Houston
11958,6078,425074.4898049343,Commercial,98.14129634745956,6,1,Miami
48363,7604,1984538.0799861967,Industrial,386.2772656466436,7,3,Houston
17829,19520,704831.719103216,Commercial,165.74526022415424,2,0,San Francisco
44678,21959,1359105.412136651,Residential,318.61811859613795,6,3,Miami
23854,23241,759987.4974441867,Commercial,242.42025436816164,3,0,Houston
39047,16814,2062331.882809726,Institutional,349.1778849201652,6,0,San Francisco
31904,21075,1551483.099294881,Institutional,270.62325122882976,5,3,Miami
29939,10994,1425201.4794270843,Industrial,263.9261998939045,8,0,Los Angeles
49445,21051,2096520.2380990111,Industrial,385.1631830722756,8,2,Miami
23159,25981,1639015.0159726222,Commercial,224.2768221090069,10,2,New York
14453,9681,378005.7678715833,Commercial,93.64691387875222,4,3,Atlanta
14901,24670,885898.4989088732,Commercial,141.0891063718543,4,3,New York
26577,15037,1098933.7941762146,Commercial,197.33940187227194,6,1,San Francisco
19175,28091,904843.185982437,Industrial,165.72219523487857,6,3,Miami
24582,9919,913758.9127744026,Industrial,187.55314301609252,10,0,Miami
27326,23502,1667138.1305370321,Industrial,261.306917012074,10,1,Los Angeles
22656,29177,658646.1496300168,Residential,197.9402403095467,3,1,Chicago
35343,25809,1798468.2102679512,Industrial,304.1240885869777,3,2,New York
11083,27630,838588.9497005265,Institutional,133.1093570953217,5,2,Los Angeles
20536,11780,851262.0246902829,Institutional,193.0299375714927,1,2,Miami
14903,11060,1125970.6585117807,Residential,183.3082065139244,8,3,New York
41373,24298,1657269.3420028815,Commercial,313.16503061278945,9,2,Miami
26695,18054,1226490.6613552503,Residential,233.6172688295715,6,2,New York
43834,28585,1812400.7104660969,Institutional,365.3113047046806,8,0,Miami
21010,20882,505157.7294024203,Residential,175.7834639068883,3,1,Houston
30000,26128,1002549.5436690614,Industrial,259.4589916327799,4,0,Miami
19587,17562,959103.4155337219,Institutional,183.29735605040077,4,3,Dallas
10070,15015,589629.1286321589,Industrial,140.38788776956162,6,0,Miami
30124,6411,774146.6102302565,Residential,249.32257978430164,4,2,Atlanta
36746,29741,1697846.795117655,Institutional,299.99943371634504,2,1,New York
25010,29427,877137.915844709,Industrial,200.36958969405816,5,2,Houston
18250,6927,967976.450721916,Industrial,186.72385237691282,5,0,San Francisco
17254,19014,720313.5422632128,Commercial,133.3913967154098,5,2,Los Angeles
20722,10831,557618.6787693201,Commercial,187.75039689202697,1,1,Atlanta
40186,8454,1552192.1424512747,Institutional,322.5334321976675,3,0,Los Angeles
18795,21427,717973.409442779,Residential,136.7568398938627,6,2,New York
41844,6250,1678982.2513303454,Institutional,319.806143110542,1,2,Los Angeles
25841,5676,1353832.8378932197,Commercial,238.77122361432447,8,0,New York
38961,24655,2296547.2215697984,Industrial,305.521927092619,10,2,San Francisco
36888,24145,1267095.7118410964,Industrial,303.13294541653016,6,1,Houston
40320,23778,1348547.5841732456,Commercial,314.3467562175398,7,1,Dallas
22078,17869,623192.1015246714,Commercial,192.34324121131834,1,2,Atlanta
42417,23610,1547676.5016813364,Residential,331.2752378180787,4,3,Los Angeles
31832,18088,1378122.2600184346,Institutional,255.8474445406915,8,2,Houston
23681,14894,695082.5704272388,Industrial,197.4666393259201,3,0,Dallas
36296,19044,1366067.5596864764,Residential,285.9377414309736,2,3,New York
27091,18873,1055741.413463385,Residential,228.51545745960718,3,2,New York
22741,21833,1142654.2682769955,Institutional,182.31056712502675,10,3,Houston
38791,24140,1839849.718315545,Industrial,321.6520486565637,7,1,Los Angeles
34877,19578,1569626.6140626988,Institutional,301.99646254212576,8,1,Dallas
22432,8580,1043069.0478478996,Institutional,183.39675566556474,7,0,Los Angeles
35949,13424,2029574.203967933,Industrial,340.4411909500693,4,2,San Francisco
24230,17906,1224727.1377803702,Industrial,224.11197807428817,4,1,San Francisco
38829,21387,1302446.6659661557,Industrial,317.3602987246968,8,0,Houston
40559,10682,1458554.9447959356,Residential,308.688877205489,8,0,New York
18832,13013,811289.3033752711,Commercial,173.0750513867245,6,0,Los Angeles
40277,23489,1345644.3622626723,Commercial,345.0370159647877,7,0,Dallas
35663,7389,1280044.839051446,Residential,310.3139003761081,5,1,Los Angeles
15583,24152,806598.4516614984,Institutional,146.50775618227198,3,3,Chicago
19262,12852,879402.1671442974,Industrial,172.29666284175104,10,1,Dallas
30010,15825,1341318.5107816185,Institutional,223.32975537489483,5,3,Chicago
28137,10226,733249.263423099,Residential,241.3989344602795,8,0,Atlanta
29135,14026,1234325.8954818877,Industrial,253.6008167903286,7,3,Atlanta
42048,21637,1735273.2672599882,Institutional,327.90500137187985,9,2,Atlanta
29716,21035,1179300.874042604,Institutional,218.7942252398152,3,0,New York
29751,6122,1663778.1142633727,Institutional,248.75205416212492,9,3,Miami
39038,9630,1381468.2937343975,Residential,286.2405167022838,8,3,Chicago
28055,14206,1734459.3951927153,Institutional,253.15955412409633,10,0,San Francisco
36972,7095,1983923.088937926,Institutional,248.44846297084325,7,3,San Francisco
38940,14997,1230492.5639694561,Industrial,305.18168749242466,9,0,Atlanta
20965,27987,842941.8999654113,Commercial,214.0804825308981,2,0,Los Angeles
39530,19872,1045554.9083265204,Residential,316.8348207050061,5,1,Dallas
42562,14732,1470203.0664251724,Industrial,331.4851791182296,3,2,Miami
31750,10530,1441996.2430946766,Commercial,251.52559621396767,2,3,New York
11422,6455,774979.5615509561,Commercial,153.08238252858393,8,0,Los Angeles
19510,8185,741940.5555618723,Residential,172.6698020216721,6,1,Los Angeles
16162,8783,820994.3085580316,Industrial,157.8835208765445,1,3,Los Angeles
39661,15160,1131749.2583713536,Industrial,314.37479399204267,6,0,Atlanta
35123,8675,1329482.9744968144,Commercial,287.7668775967131,9,0,Chicago
49830,22641,1807870.8090883007,Industrial,393.5629591362549,10,1,Atlanta
22486,18724,625710.5861466061,Residential,171.66271224872594,8,2,Atlanta
23998,17069,894771.1771793603,Industrial,221.91745465757947,9,0,Atlanta
20173,12587,1094987.622483131,Institutional,185.3947297325936,6,0,San Francisco
40927,18596,1785639.2856160402,Industrial,327.0401622007399,2,3,Los Angeles
27225,10826,1195010.0711040837,Industrial,226.327664981834,3,2,Los Angeles
33728,15380,1140760.6807617717,Residential,290.08536065143585,3,3,Chicago
21087,28461,684663.1687156379,Residential,170.57942540408294,7,3,Houston
27402,25748,1034405.3172166127,Commercial,205.8825331575086,10,1,Miami
11939,23611,476781.5900639982,Residential,150.7609770953354,4,1,Dallas
24398,26602,728098.0539696288,Commercial,210.12930850494337,2,1,Dallas
24384,7924,869404.5511029912,Industrial,180.94500314331316,2,3,Chicago
35790,21200,1175823.6691565306,Institutional,278.21914679835095,4,0,Miami
11864,7429,508264.73157919606,Institutional,120.01528490653978,3,0,Chicago
26758,16540,1408009.1932767637,Institutional,205.5112852803158,10,0,San Francisco
29368,29228,1344173.1831160467,Industrial,235.7206059055918,5,1,San Francisco
16003,21710,750987.1655340444,Residential,202.28610519435537,8,1,Dallas
27021,8852,1339242.5152584147,Industrial,229.95235495508496,9,3,Dallas
25337,7998,763655.6507665371,Industrial,216.45568332384835,2,0,Miami
22648,5757,1040924.8585017434,Institutional,176.24124588389304,8,0,Los Angeles
49870,15939,1551262.683603097,Industrial,373.83426923151546,2,3,Houston
42416,17576,1706072.6561422446,Industrial,303.7878661221945,1,3,San Francisco
21156,9595,735331.7089302263,Industrial,154.7415212395257,3,0,San Francisco
25800,25321,1384669.6684445045,Industrial,238.73614973181114,10,0,Los Angeles
40475,11232,1673983.7155149921,Commercial,307.85907411769966,10,0,Los Angeles
47934,22186,2319377.072060306,Institutional,356.9988759303982,6,1,San Francisco
37080,19802,1536608.4916055163,Industrial,291.0243355313478,3,2,Los Angeles
18983,12393,1116516.753882261,Commercial,190.85756476619846,5,3,Los Angeles
49313,29573,1845155.801899015,Industrial,369.031160379803,6,0,Los Angeles
19208,23178,1073745.0628344524,Industrial,180.49775800740522,7,3,Chicago
14713,9214,480748.40402286197,Industrial,151.75139015873168,1,1,Atlanta
13208,22254,350443.1455486921,Institutional,72.68719638033542,10,0,Houston
36322,13549,1258984.592718233,Commercial,287.8336974664455,8,2,Atlanta
47260,16628,2036810.098859426,Industrial,368.9873367498961,4,2,Los Angeles
37247,5378,910794.9354956419,Residential,296.5551275525085,2,3,Atlanta
15011,23035,709335.8486274971,Commercial,164.19811310821692,5,2,Dallas
36480,13821,1007796.244675249,Commercial,319.9353157699203,1,0,Miami
10240,18411,549807.8512094455,Commercial,102.528270621808,7,1,Los Angeles
36593,13638,1063206.547324136,Residential,249.03095823724453,4,1,San Francisco
16041,28245,846023.9770038603,Industrial,120.88819973191875,8,2,San Francisco
22021,28626,1054800.578128539,Industrial,180.8642966612721,8,0,San Francisco
25724,9345,1305958.0877620184,Institutional,235.56242564249973,5,2,Chicago
32202,12651,1400732.1799101667,Institutional,267.6984576990285,4,3,Dallas
22567,13745,629178.0318591411,Industrial,182.0538286629459,1,2,Atlanta
24206,15032,1475383.0286329319,Commercial,237.18077785273394,10,3,Chicago
30517,19462,1881309.14306877,Commercial,246.1157957965424,9,3,New York
11534,6368,440317.26812098135,Commercial,128.74773921666122,5,0,Houston
48732,19659,2646748.5392522034,Institutional,407.3879425496416,8,1,Los Angeles
29607,11780,1149880.6970165307,Commercial,273.7811183372692,9,0,Dallas
32573,15069,947144.8304362656,Residential,255.12318664949908,3,0,San Francisco
14767,21877,1015543.9929795348,Institutional,163.8370562199782,4,1,New York
31210,12309,1294863.3161733407,Commercial,255.7754698614006,8,0,Los Angeles
30906,9670,1223143.965125451,Industrial,269.65254963083134,8,0,Miami
17641,10586,943989.0941468948,Industrial,201.70707139890914,6,3,Atlanta
38056,18606,1311611.4068706704,Commercial,291.4692015268156,1,2,Los Angeles
24258,15982,531816.8112484325,Residential,202.5968804755933,2,0,Dallas
23924,20908,995936.7799029048,Institutional,210.78027087892164,1,0,San Francisco
28282,11367,987679.4406070957,Industrial,217.74238108622038,2,0,San Francisco
44712,10807,3098642.082320579,Institutional,376.41424712349124,9,2,New York
47087,25648,2273652.8495027097,Institutional,343.711693046517,9,0,San Francisco
18880,7076,723064.3283457054,Industrial,198.46956750815366,4,1,Atlanta
39147,29509,1978744.3764180313,Industrial,293.61710238871547,7,2,San Francisco
32966,8482,1737223.6978082596,Institutional,259.7329293276907,2,3,New York
12375,7735,384446.3752470758,Institutional,122.04646833240501,1,0,Atlanta
28194,26771,843385.3458708859,Residential,267.7413796415511,5,0,Miami
10803,6950,720582.4055074697,Residential,132.52090216229328,10,2,Los Angeles
13772,13597,486384.74771210697,Institutional,111.88975102647964,4,2,Atlanta
23675,17944,1665283.9258568918,Industrial,204.2391000118833,9,3,New York
18129,9581,576074.8612687325,Residential,165.59823536291267,4,1,Chicago
34459,15642,1133336.2899427705,Institutional,284.04418294305026,1,2,Houston
45268,13483,2865457.4984431295,Industrial,364.45074003397553,9,3,San Francisco
40112,21271,1381810.4369770153,Residential,296.6850106230844,4,2,San Francisco
31666,20384,1503654.8093880985,Institutional,257.6792081722423,8,3,Houston
45530,20635,1557802.817163348,Commercial,377.6491677971752,6,1,Dallas
38520,9617,1032696.3071889855,Residential,286.1149941995458,2,1,Los Angeles
15411,16917,606705.314496729,Commercial,160.50405145416113,5,0,Miami
41522,17145,1433839.9429341007,Residential,333.69365944648155,6,1,Los Angeles
36066,17574,1804085.720516179,Institutional,287.8420008402192,10,3,Houston
31892,12024,1974685.8243455852,Institutional,259.4004366956434,10,2,Los Angeles
49384,17213,1734615.3514842482,Institutional,381.23414318335125,7,0,Dallas
43891,5351,1926222.594984734,Institutional,340.3520796863211,2,1,New York
48712,26626,1348728.5281423994,Residential,380.59358818833135,8,0,Miami
38070,17205,740633.0844331085,Residential,286.2350084765637,4,0,Atlanta
35872,9327,1098394.3489615011,Industrial,293.37455901749496,1,3,Atlanta
29795,20226,1251577.3331282893,Institutional,260.06801727341076,3,0,Los Angeles
18090,22843,583876.2003602437,Residential,185.3575239238869,1,2,Miami
18316,25094,1234074.8487473645,Industrial,178.87216615656374,9,1,New York
36792,25781,1065800.1315527977,Residential,273.2820850135379,5,3,Dallas
36738,16253,1573016.738791404,Commercial,298.768611356392,1,3,San Francisco
38727,11535,1614997.7297894876,Industrial,273.0989126402678,3,2,New York
42264,16469,1638785.7465112684,Industrial,305.7892496102531,10,1,Miami
31582,8201,1052477.3001658919,Industrial,229.99941000128752,3,3,Dallas
31887,5109,1556019.46918784,Institutional,274.4302414793368,1,2,San Francisco
16995,11464,1085829.3094598814,Institutional,189.92160732168105,8,1,Chicago
14625,5086,376202.89529192407,Institutional,119.42949056886478,1,0,Atlanta
31154,9103,1033636.7315696792,Commercial,261.0193766590099,5,1,Dallas
27665,23813,1174828.234777318,Residential,284.289953969103,10,2,Houston
35400,25916,1207710.8104911265,Commercial,291.71758707515136,4,2,Dallas
20700,29322,862752.3121239393,Commercial,190.20112701145047,9,2,Atlanta
47026,19936,1340325.4155469413,Residential,348.36268110381843,8,2,Houston
40869,17654,2318863.8689901126,Institutional,338.02680305978316,9,0,New York
26230,20848,1077519.3855388951,Industrial,235.4718936929403,7,0,Chicago
23550,8505,1792510.6653643472,Institutional,246.34242635392664,8,1,New York
37045,7140,1155063.1355118365,Industrial,312.51708211900336,3,0,Miami
28605,25680,991102.2775269711,Industrial,250.78498925277609,1,3,Houston
45375,21087,1742296.813392963,Industrial,345.69381218114347,2,2,Los Angeles
12575,10899,1165163.6435187748,Institutional,135.49202203834813,9,3,San Francisco
11412,6049,506995.98863739456,Institutional,120.7133306279511,5,0,Dallas
17143,18877,563956.4997084597,Residential,170.89590900256354,5,0,Chicago
30194,12414,1755919.7002878278,Commercial,256.5446271148846,7,3,San Francisco
49585,13333,1658563.9179968794,Institutional,381.54219415617194,4,2,Atlanta
39072,13831,1025121.3337536289,Residential,310.64282841019053,3,2,Dallas
19383,6711,956187.2000035673,Industrial,173.22231884122598,4,2,Los Angeles
25429,18045,1052412.7446403077,Industrial,202.38706627698227,1,3,Los Angeles
16540,12769,658080.9631506051,Industrial,173.1063139600708,5,1,Atlanta
12502,7764,854381.7703635793,Institutional,147.67639276874587,10,2,Houston
12893,5377,480117.0302870539,Commercial,95.55994034672912,10,1,Miami
41549,27223,1446730.112263344,Commercial,332.1235335774435,5,1,Chicago
35309,8809,1320474.8598790888,Institutional,262.8202935520901,10,1,Atlanta
11703,22412,463590.32865457266,Residential,140.48191777411293,3,2,Dallas
44214,15003,1869066.7816356448,Industrial,333.76192529207947,9,0,Los Angeles
40759,26040,1392369.8226735822,Residential,352.22003419410777,4,1,Los Angeles
38262,17522,992736.8138954248,Commercial,272.86107713747674,2,1,Miami
25240,26467,1031861.1407015807,Institutional,225.91376917385455,10,0,Atlanta
24378,27079,1191348.093971219,Institutional,207.80535391090513,7,2,Miami
15394,16354,935335.9225658231,Industrial,170.0610768301496,6,1,Los Angeles
12466,14261,425531.115263751,Industrial,88.56375192802011,3,3,Miami
25277,6442,1469402.8509868288,Industrial,226.20117779969658,10,0,New York
35048,28617,1406264.353857407,Institutional,277.0964244054004,10,0,Dallas
38698,27167,1039058.696867852,Residential,305.9429361406999,7,1,Houston
23931,23199,714560.5389020257,Institutional,194.4382418781022,1,0,Miami
24947,11426,910872.9274551088,Residential,266.9224695839147,2,3,Dallas
12560,19023,724067.9866567946,Commercial,119.18814595173573,6,2,San Francisco
23478,12892,1071113.3862671969,Institutional,222.56901532824867,3,0,Los Angeles
18344,27512,1041298.9366572725,Institutional,188.8977662870336,2,2,Los Angeles
49730,11762,3137004.737144386,Industrial,417.332473545177,10,2,San Francisco
27598,24400,1493908.559179518,Institutional,250.9294632030768,2,2,San Francisco
35563,29109,1601460.0114303597,Commercial,276.5190384926806,3,3,San Francisco
37183,16142,1212630.003285198,Residential,257.3220166122436,10,3,Dallas
36629,10305,1998482.3679779682,Institutional,323.69328927404734,9,2,Miami
14840,15927,939135.720076057,Residential,154.20947784500117,10,2,New York
33679,21245,1384992.59268549,Commercial,244.26677119673545,9,0,San Francisco
13313,11458,747632.5479557897,Industrial,122.0664426521339,10,2,Chicago
42146,9837,1509852.1343147738,Commercial,324.1765183713954,4,0,San Francisco
22318,14021,1079573.71077305,Industrial,219.0693406601157,9,1,Dallas
34519,12925,1280280.4077112894,Institutional,254.46567109789606,4,0,Los Angeles
25652,13993,1135226.754078591,Commercial,207.12037111450303,10,2,Miami
48298,18004,1555000.4474166087,Industrial,353.40919259468376,3,0,Los Angeles
12275,25224,768965.1651254133,Institutional,160.95555523294888,1,3,Miami
23530,7167,1132848.850306886,Institutional,213.99742154557464,3,1,Los Angeles
28053,21323,1374994.079823881,Commercial,252.87247445036894,10,0,Los Angeles
44204,11264,1877666.0375674795,Institutional,314.142005992426,4,1,San Francisco
14115,14004,492636.85042207723,Residential,120.63344975135038,3,1,San Francisco
47973,26601,1742368.0163746614,Institutional,359.17708026688547,2,2,Chicago
41220,25270,1797302.1776916364,Commercial,311.2211563102401,6,1,New York
11953,9824,569173.2284893342,Institutional,118.2697617640175,1,1,Los Angeles
28867,5605,606600.9804477415,Residential,242.64039217909658,1,0,Dallas
44081,9649,1702813.6445285885,Industrial,354.7528426101226,5,0,Los Angeles
32751,6691,1424214.3315688178,Institutional,239.8575776293744,10,3,Atlanta
37855,6103,1976185.6729091103,Institutional,330.9154449664654,2,3,Los Angeles
39819,10106,1419872.504847062,Residential,320.0614268463369,7,3,Miami
34318,21163,1560624.3459511497,Commercial,250.8840681538702,10,3,Chicago
29475,17343,916634.9398713895,Residential,266.65743705349513,1,1,Los Angeles
13821,8538,587317.6711632947,Commercial,125.01440424931775,10,2,Atlanta
29114,23790,700518.8145766145,Residential,234.09150027622877,2,2,Houston
24801,12687,1208998.9602939922,Residential,198.52199676420236,10,2,New York
10038,19989,332267.3558796481,Residential,106.3255538814874,6,0,Dallas
29581,13653,1228609.5360561972,Institutional,260.8928249840627,4,3,Atlanta
24774,22379,1005447.293892102,Industrial,195.70369314312168,7,3,Houston
24056,19166,1156552.8011227245,Commercial,197.701333525252,5,3,Los Angeles
33037,5778,1311818.5676739416,Institutional,243.3800682140894,9,1,Dallas
29266,8214,890285.648257882,Residential,243.41371107529244,9,1,Houston
26177,16114,1104596.1084613241,Institutional,216.46014275158223,8,2,Atlanta
36544,15397,987107.0229548662,Commercial,299.87302284646955,2,1,Houston
23305,27406,759533.6637211008,Residential,230.16171627912146,3,2,Dallas
28089,7279,998902.8537747579,Residential,259.4552866947423,1,1,New York
42731,25252,979693.591109375,Residential,359.85072217056927,3,1,Atlanta
32678,5149,1674087.2821744808,Residential,318.8737680332345,6,2,New York
11769,10928,822150.7784199237,Industrial,134.44380861131668,2,3,New York
19292,9528,666007.6246981599,Commercial,183.4731748479779,3,1,Dallas
40952,26403,1485107.550116113,Industrial,297.0215100232226,6,0,Los Angeles
10379,27644,594177.2631529211,Institutional,102.8878377753976,5,1,Los Angeles
28646,26335,687625.1148815047,Residential,231.62109132850688,6,0,Houston
29800,20842,2150464.583680888,Commercial,271.62619473043935,10,3,New York
39914,5755,1674302.0646235663,Commercial,312.2241612351639,3,3,Los Angeles
32807,16727,2028654.47999763,Institutional,298.15615520247354,5,2,San Francisco
26177,29548,1039647.0143345272,Industrial,253.32529589047937,8,0,Houston
30619,21692,1320831.9060086648,Institutional,239.60669496755824,6,2,Miami
25435,5519,1079203.179180924,Institutional,239.5833453615105,7,1,Atlanta
36301,18769,1138970.3920788062,Institutional,262.9657470889018,6,1,Atlanta
45519,15683,2502484.722193956,Industrial,344.8088517132324,8,2,New York
20704,21164,1116597.3823513202,Industrial,216.7308583756445,4,0,New York
13500,19982,722709.2775156277,Industrial,150.56443281575577,1,2,Los Angeles
34587,14069,1693114.6118941915,Commercial,258.05740159948044,8,2,San Francisco
17075,17607,918388.9650623827,Commercial,189.3195145459457,2,1,New York
15916,13884,555422.5371269527,Residential,156.73299107638874,2,0,San Francisco
21743,13794,923573.8417243521,Industrial,177.61035417776,7,0,Los Angeles
22382,24340,1594024.6285059755,Institutional,216.25622419020152,5,3,San Francisco
36954,11385,1478798.889683316,Residential,291.20962750686834,6,3,Los Angeles
12127,21272,590292.444664542,Industrial,135.14021169060027,2,3,Dallas
47782,16348,1586584.6012738133,Commercial,361.4911372234708,9,1,Houston
27775,11086,1365447.9570004337,Industrial,263.39659664360215,8,2,Dallas
27561,19095,1664052.4331365803,Industrial,259.7484442333573,9,3,Chicago
41498,28672,1247275.7290469315,Commercial,319.8142894992132,7,0,Dallas
34102,26355,1612995.1140503562,Industrial,248.91899908184507,6,2,San Francisco
33904,20863,1427586.7312863355,Institutional,269.7631767358911,5,2,Miami
36094,15395,1130134.8633799402,Commercial,238.2365983409623,4,1,Los Angeles
47364,14357,1409088.5481060997,Institutional,365.1671002542532,2,0,Miami
42672,19767,1937307.3076882884,Institutional,335.4644688637728,6,2,Chicago
14016,13960,1211738.5134901986,Institutional,176.86385892942144,10,0,San Francisco
16186,29061,867126.3766838509,Industrial,141.79853098571607,2,3,New York
24776,21654,638826.0984975445,Residential,232.30039945365255,1,0,Chicago
42142,11541,931589.7555495695,Residential,341.0854940227257,4,0,Houston
10285,25060,400914.0051354142,Commercial,78.88902108134872,9,1,Chicago
32343,22903,793037.395949226,Residential,240.31436240885637,5,0,Chicago
23519,6170,763413.1011468963,Residential,211.50839165974614,6,1,Miami
15815,10595,831575.7737143994,Institutional,137.73511779948646,4,2,Los Angeles
34207,26878,1511530.301588326,Institutional,276.8370515729535,7,2,Dallas
39112,23435,960716.7967662317,Residential,299.6387670226064,8,0,Houston
39647,29830,1222404.1047548074,Residential,289.32641532658164,7,3,Dallas
37887,10076,1012116.4480833974,Residential,306.70195396466585,1,2,Chicago
23903,19192,981149.3158109621,Institutional,199.66408543161623,5,3,Atlanta
44867,15076,1538328.9355123246,Industrial,352.1815328553857,7,0,Miami
13826,15940,625841.9226334661,Residential,147.56072446412404,10,3,Atlanta
35447,28092,1233945.5063867143,Commercial,301.3297939894296,7,0,Miami
16936,19712,1081492.5421760168,Commercial,158.4604457400757,9,3,Los Angeles
40749,26250,873716.8938392355,Commercial,308.18938054294017,2,0,Atlanta
21845,7309,972675.2154889288,Institutional,208.95278528226189,9,0,Houston
14424,22935,1270805.4090881073,Institutional,172.40610623905943,5,3,San Francisco
38827,22224,1543047.102396542,Institutional,304.2585235919436,4,2,Miami
23846,16591,1090278.051055493,Residential,235.99092014188162,5,1,New York
17340,22520,547094.1040136971,Residential,147.36541522254467,8,0,Chicago
34001,8790,1534178.9609145138,Industrial,290.56419714290035,5,1,Los Angeles
14692,11538,783739.5608338733,Commercial,135.32583282981494,8,3,Chicago
39237,24759,2151286.663347856,Commercial,345.83822254607446,10,3,Chicago
47664,19582,1889932.5239356938,Industrial,375.4633908009563,7,1,Chicago
35274,27997,1657490.8323563791,Commercial,252.97479126318365,5,3,New York
14743,10243,565593.5399982518,Residential,155.81089256150187,5,1,Chicago
14635,12222,813292.3245515025,Industrial,144.81700935746125,8,3,Dallas
27301,18097,1072914.4015607433,Institutional,206.42893728922428,8,1,Dallas
32539,26203,1544597.6292875344,Industrial,275.8210052299169,6,0,New York
40851,17292,1093016.376504574,Industrial,297.14451296883806,3,1,Houston
24013,23414,818834.4529017396,Residential,203.43713115571174,4,0,New York
42805,25523,1473160.6502424697,Institutional,366.1618468259416,3,1,Houston
32577,17947,1291860.7338535965,Institutional,268.4385940475006,3,0,Los Angeles
17905,25171,686375.7101402046,Industrial,153.2088638705814,9,0,Dallas
45959,21960,1438375.9398467594,Residential,351.2517557623344,7,2,Miami
29308,25445,931157.1311169143,Industrial,221.70407883736058,6,0,Miami
34889,16271,1712325.518696484,Institutional,291.2118229075653,1,2,New York
21680,14572,850212.9529046136,Commercial,197.4255086275661,10,1,Atlanta
37762,19931,865472.0946761022,Commercial,303.67441918459724,1,0,Houston
31434,11267,1214903.6537563268,Residential,259.179446134683,6,2,Los Angeles
27565,28239,1116248.1400545337,Commercial,238.51455984071237,5,3,Dallas
18809,5961,610109.2925949814,Residential,176.07771792062957,9,1,Atlanta
47889,11385,2125644.944830124,Commercial,379.1562889329095,4,3,Los Angeles
18586,13708,1308747.7106152335,Industrial,172.6215720448498,8,3,San Francisco
45136,25870,1807855.1768271287,Institutional,344.3533670146912,1,2,Los Angeles
44849,11438,1966770.9041955366,Industrial,382.8190019066367,7,3,Houston
23889,6898,1353260.5687473426,Industrial,244.58873784473374,9,3,Houston
47480,16212,1433468.434206017,Industrial,368.6904408966093,8,0,Atlanta
13007,6431,486127.24952513137,Residential,151.08850024091106,7,1,Atlanta
30818,23238,1643965.1390614281,Industrial,254.83090573248828,5,2,New York
42932,14459,1436070.3680788958,Commercial,393.9836400765146,8,0,Atlanta
14074,14200,549003.3097992843,Commercial,134.06674231972755,2,3,Dallas
28273,29482,891684.9826991283,Commercial,217.74969052481765,1,3,Miami
25269,27459,1045514.1928870304,Institutional,228.90294316081673,10,0,Atlanta
23201,27362,848463.1596272446,Industrial,181.23358672830756,9,1,Houston
37075,17465,1571270.048250637,Institutional,289.1686309179916,4,0,San Francisco
23723,9737,655966.4706579971,Residential,201.83583712553755,7,0,Dallas
19650,5174,652129.4553291657,Commercial,162.6460793937313,8,1,Atlanta
32846,6244,1147715.6022127697,Residential,287.8283641912902,10,0,Chicago
18595,12760,634926.7237134943,Residential,179.16803491033346,8,0,Miami
47772,19681,1614007.4753884277,Commercial,342.02319885323743,7,1,Chicago
35096,16529,919678.2808358031,Industrial,266.1106136677671,5,0,Atlanta
17195,7951,758402.4285555643,Residential,166.043224642707,10,2,Miami
26449,19110,827507.5018339029,Residential,207.39536386814612,9,2,Houston
10594,11443,282210.49608414166,Industrial,69.992682560551,2,2,Dallas
26865,25592,1903802.3934939785,Institutional,247.95147168012738,8,3,Los Angeles
36714,28323,1280003.8427634805,Commercial,302.4405086569745,8,1,Houston
44891,6619,1624104.4402652436,Industrial,366.1851642012183,3,2,Miami
27741,20288,1311340.2202341731,Industrial,242.84078152484688,8,0,Los Angeles
19926,26125,720035.8700682041,Commercial,175.83293530359072,2,3,Dallas
22625,16483,1631956.2469232837,Industrial,223.5311536986746,7,3,San Francisco
16420,11838,617497.834180166,Commercial,137.08465627265312,3,3,Miami
43858,12118,1701186.3108702614,Commercial,377.66373867693665,3,3,Miami
46084,6746,1576530.3742064924,Residential,362.42077567965345,10,2,Dallas
16997,7554,639990.3401634744,Residential,151.477003588988,7,3,Dallas
15704,13236,544619.129737678,Commercial,132.7044663103504,5,2,Houston
40511,19416,1824422.023051184,Industrial,336.06359104243734,10,3,Atlanta
22092,15435,1039954.4229296802,Industrial,203.7528258091066,10,1,Dallas
40430,17567,1611902.5895868714,Commercial,303.38840383716763,4,1,New York
41118,13502,1169425.3499534645,Industrial,348.04325891472155,2,0,Dallas
17406,12788,579629.1625753571,Residential,150.1873133798496,6,3,Houston
24493,19196,684003.7311189923,Residential,210.46268649815147,1,3,Dallas
16280,24198,566881.7182809592,Commercial,135.79631531463866,4,1,Chicago
35429,8858,1280303.0280785556,Industrial,272.1732627718018,2,0,New York
25400,24772,1151647.1211078377,Institutional,262.39396698743167,5,1,Houston
12306,27171,843514.9889256597,Industrial,131.66754947016415,3,3,New York
47342,14944,1367584.8175926397,Residential,347.3231282774958,2,2,Los Angeles
30988,27886,1832550.6754630683,Institutional,247.8513170533313,7,3,Los Angeles
48739,12871,1907459.0332285247,Residential,396.35512378774536,9,1,Los Angeles
32415,6756,957422.6808117977,Commercial,281.42935943909396,2,2,Atlanta
41514,11420,2152620.286469591,Institutional,337.93097118831884,7,0,New York
41098,13047,2748173.2571861073,Institutional,345.1394985477058,6,3,New York
45751,28264,1382593.8732031076,Commercial,362.74271893037053,2,1,Chicago
18225,19213,682966.5126928873,Residential,185.84122794364282,2,0,New York
14930,10657,693015.2929904548,Commercial,119.56785593348084,4,2,New York
40508,21291,2917632.5518655274,Institutional,354.8783740029833,10,2,San Francisco
46700,29439,2099136.263095387,Commercial,362.4512238790273,3,3,San Francisco
14970,25677,793079.8484380622,Institutional,131.35898110775358,4,2,Los Angeles
44039,27388,1878450.7525741216,Commercial,356.8824456301171,10,1,Chicago
19614,11476,713141.191142546,Residential,181.72095967957853,4,3,Miami
42708,20152,1763808.3576229059,Industrial,357.9156569851676,1,1,New York
39288,18704,1185113.4986229818,Commercial,304.63684817761884,2,3,Houston
11997,28443,526805.1286251858,Residential,118.25030945570948,8,2,Chicago
45436,27530,1946439.2438138658,Institutional,336.4340582168985,10,2,Houston
42161,22367,1286224.203885543,Commercial,305.3713684438611,5,3,Atlanta
49334,9206,2493048.8392883725,Institutional,365.28188121441354,7,2,Los Angeles
16621,21589,663417.000752624,Institutional,172.74797402665726,2,1,Houston
15769,11464,728127.2535212024,Residential,145.280409731129,8,1,San Francisco
20448,17179,777749.1836271328,Industrial,186.06439799692168,6,1,Houston
45451,26968,1252118.5522331432,Institutional,325.2255979826346,1,0,Chicago
43680,18129,1079455.3576386182,Industrial,324.51159140170097,2,1,Atlanta
43398,28776,982975.0111910799,Residential,327.6583370636933,1,2,Dallas
46306,25951,1686056.3869110728,Industrial,350.9108364367034,2,3,Chicago
44413,26981,1070417.8127308963,Residential,304.96233980937217,7,2,Atlanta
26826,27148,1313669.2016025488,Industrial,233.91545612580992,1,3,San Francisco
42465,9036,2216728.400331197,Industrial,359.85850654727227,9,1,Los Angeles
39953,19583,1167500.7934886497,Industrial,296.98331132698655,2,3,Atlanta
43767,13993,1968608.3063005744,Institutional,340.2658899491098,10,2,Houston
36316,19048,1119197.9590739063,Industrial,276.48170925738793,4,1,Dallas
48777,27567,2368087.6782177766,Institutional,366.12363608809164,9,2,Chicago
34136,9227,1339040.8940633328,Commercial,282.58750534205603,8,3,Atlanta
44594,24794,1421931.3712288546,Institutional,325.01288485230964,1,0,Los Angeles
40119,17520,1578328.4111154953,Residential,315.3503318912078,9,3,Chicago
15481,9655,1011068.9879878425,Commercial,168.3431548431306,7,1,New York
36041,12839,874632.5975374171,Commercial,278.98966428625744,1,1,Houston
38927,13032,1454423.1683414862,Commercial,298.3432140187664,7,0,Los Angeles
36492,7036,1482131.8896603896,Commercial,305.53120792834255,9,1,Miami
12146,16091,692919.8549172397,Industrial,149.43923717159242,4,2,Miami
35868,24425,1994598.94788409,Institutional,297.7457751730243,10,2,Chicago
42781,28970,1439000.4669163332,Residential,324.3731680848313,7,3,Miami
16461,26630,377849.41885148734,Commercial,115.28586387535849,4,0,Houston
47057,15225,2439177.5215515457,Institutional,406.12346346179584,7,2,Chicago
42712,24203,1682887.7819630008,Institutional,339.2064060394056,8,0,Miami
14799,16334,608506.3034153972,Residential,173.85894383297065,1,0,New York
24401,20470,1528685.273367983,Institutional,218.16544503610433,3,3,New York
24820,6842,1206200.4904890973,Commercial,190.32749356829936,7,3,Los Angeles
26528,6090,886550.6048726415,Industrial,243.02374037078988,5,0,Houston
36803,22449,1949576.9124992336,Residential,295.50237400518887,10,3,New York
28609,17438,1084556.8031300686,Industrial,222.82971793435004,7,3,Atlanta
31501,28280,809261.6700788995,Commercial,236.62621932131566,5,0,Houston
13622,11508,828845.5572134906,Commercial,138.00292327896943,9,3,Chicago
36266,6504,1335650.8932495213,Residential,284.93885722656455,6,2,Los Angeles
16567,22889,1145698.2893086923,Institutional,155.43322334943596,7,2,San Francisco
37354,7405,1303701.615147256,Institutional,266.0615541116849,1,0,New York
24227,19286,1498568.2241857562,Institutional,227.14183011530974,10,3,Dallas
23353,27237,719534.142414846,Residential,191.68408722340217,3,3,Miami
24797,6162,1054967.793515586,Institutional,200.9462463839212,5,0,Los Angeles
40089,27292,1787027.8471494291,Industrial,315.3281774331997,4,1,New York
10305,5660,530075.4152729255,Commercial,116.60901177427829,10,1,Houston
44528,19779,1493390.2351944426,Residential,336.63347088068576,7,3,Miami
49818,22269,1972858.7483433501,Residential,375.7826187320668,9,2,Los Angeles
29974,22470,818630.6761326061,Commercial,236.25704938891948,2,0,Chicago
42155,20621,1853534.1309596526,Institutional,320.9582910752645,3,2,Los Angeles
12120,14893,391213.89034077094,Residential,137.44888549522037,4,1,Atlanta
35868,27833,1373466.267159347,Institutional,308.8696839622975,2,1,Chicago
13546,10099,1244377.7230567758,Industrial,165.33505036362354,9,2,New York
25721,15306,955606.2123704834,Institutional,196.99159191310727,9,1,Atlanta
19027,17644,1309205.358675637,Institutional,202.9893766964183,2,3,San Francisco
40489,10778,1592814.257258582,Institutional,325.0641341344045,1,0,New York
36827,19129,1105720.4486325749,Residential,287.2001165279415,9,1,Dallas
16871,9134,699049.2495381515,Institutional,168.12151263543808,5,1,Atlanta
49947,29641,1668768.5676000032,Industrial,386.2890202777785,8,0,Dallas
29862,22949,1643542.2305868433,Industrial,266.8088036666953,9,1,Los Angeles
33631,19299,1671917.6267783125,Industrial,270.64193647667577,7,1,San Francisco
32347,5275,1232148.2345182558,Industrial,265.1834182417045,3,2,Chicago
42280,12006,2007950.4340995774,Commercial,330.526820427914,6,2,San Francisco
32652,27982,1025566.2815086663,Residential,242.73758142216957,7,3,Dallas
41205,25561,1148024.7036107702,Commercial,327.07256513127356,1,3,Atlanta
48417,19561,1874683.8986704207,Industrial,367.06686612437755,9,2,Houston
49095,7110,1360358.5228766066,Residential,403.069191963439,1,0,San Francisco
21659,9152,1003787.3014917079,Institutional,177.36324790029295,2,1,New York
31474,26718,1596406.2822081773,Commercial,304.07738708727186,6,0,New York
13422,16305,471104.784039591,Commercial,109.39388924639289,10,1,Atlanta
27622,22511,1128391.2365108952,Residential,261.65593890107715,4,2,Los Angeles
27763,28077,1282987.810211649,Institutional,238.03113361997197,9,1,Dallas
21747,10431,993577.8661521638,Commercial,197.13846550638175,5,0,New York
45650,17066,2054197.5331753313,Industrial,363.9097103839518,9,2,Miami
30760,5581,981866.2512063833,Industrial,262.2506012837562,1,3,Atlanta
36921,9298,2011837.0183689652,Industrial,287.86587373640185,5,3,New York
45587,16155,2649135.1951177698,Commercial,372.7108009029256,8,3,San Francisco
16469,29259,981891.4263360598,Commercial,163.48508597003993,9,3,Chicago
49043,15953,1560261.8206933097,Industrial,362.3796499194792,4,3,Atlanta
20474,10452,916413.7680952934,Industrial,182.87311783510805,10,2,Atlanta
10729,6741,719225.0083010291,Commercial,125.45351618716711,9,3,Miami
15582,29470,833276.1787304963,Institutional,161.95844095830833,9,0,Miami
43672,7012,1830857.9555875722,Institutional,332.5507139383475,3,3,Chicago
31234,20025,1155916.3533837642,Institutional,256.61368706488264,7,1,Atlanta
20709,22148,657937.9116941897,Industrial,180.3557871968722,1,2,Houston
35177,17376,1368305.309286105,Commercial,278.4504088901312,7,2,Miami
36282,6751,1091394.7995284868,Residential,290.74786534225416,7,1,Miami
11114,28097,660623.9495678722,Institutional,156.3144512435072,4,0,Miami
24159,28652,1238928.405925627,Institutional,209.45535180483972,7,3,Dallas
30037,11388,759291.0199853685,Residential,276.1058254492249,1,0,Chicago
20706,29116,1037618.7372873604,Industrial,156.3809285759827,10,3,Chicago
16077,27651,722338.9633702385,Commercial,194.96328296092807,7,0,Houston
16208,17210,706441.960166333,Industrial,160.55499094689384,1,1,Los Angeles
41338,19700,1692280.6629536296,Residential,323.41723133370857,4,3,New York
19128,22804,1223229.568302293,Industrial,210.03254950245417,1,3,New York
45109,9437,1262465.4614839233,Industrial,328.76704726143834,5,0,Dallas
30671,24516,1183680.3154512916,Institutional,230.0642012538954,9,0,Miami
48120,24380,1947642.5843832695,Residential,368.78439467612196,7,3,Los Angeles
34478,11418,1258143.6866764412,Industrial,255.3051312249272,1,1,New York
11703,13331,694895.5292391152,Commercial,105.58716493661768,6,3,San Francisco
30538,11218,1142203.3345491441,Commercial,247.23015899332125,9,0,Chicago
13505,24217,641835.7295580221,Institutional,141.4163385514384,2,3,Houston
47547,28909,1882226.4085671625,Institutional,375.21644784673435,2,3,Miami
37487,11795,1653118.0381122543,Institutional,289.1456623572966,8,1,Chicago
28671,23018,848471.0257721015,Industrial,218.2281444887092,8,0,Atlanta
28922,8378,1209032.1655677794,Industrial,241.8064331135559,6,0,Los Angeles
37286,11883,1379725.6777691315,Institutional,286.1759248678521,10,0,Houston
35924,11690,1890733.5106087264,Commercial,277.03055100494163,9,3,Los Angeles
33573,23321,1468132.3790354198,Commercial,321.4301869809348,10,0,Miami
25514,19468,1209176.6723277904,Institutional,211.49620400153745,3,1,San Francisco
38667,7460,1173809.3656096682,Commercial,300.9767604127354,1,3,Dallas
34221,12982,812674.4968156874,Industrial,282.1786447276692,1,0,Atlanta
41918,24173,1246557.660620424,Industrial,310.645350034994,5,1,Houston
21111,24096,1115124.1201285797,Industrial,226.28330359752024,9,1,Dallas
41721,27364,1348349.0360412544,Industrial,312.11783241695707,6,2,Atlanta
29352,5085,1230024.4584140622,Residential,251.34599405651335,10,0,San Francisco
46208,19420,1705794.199929725,Institutional,380.01541630291837,8,0,Houston
17000,29055,787785.3538271022,Residential,169.75846008395467,8,1,Los Angeles
40680,12083,2104034.812130296,Residential,342.53720995202207,9,3,San Francisco
27806,12904,902587.7468748863,Institutional,208.81150882010093,1,3,Houston
41841,22356,1522040.2284751553,Industrial,302.3760784478614,3,3,Chicago
14300,16598,872585.4022672605,Commercial,164.8876421517877,9,2,Miami
38516,18328,1659637.2719020522,Institutional,289.48844791593444,9,3,Atlanta
29846,9019,1876957.1850939866,Commercial,237.07934635518336,10,3,New York
42464,22052,1746290.7014813377,Commercial,332.6268002821596,6,0,New York
37417,29915,1563000.1029493771,Institutional,314.4315845699957,4,3,Houston
16775,9381,704939.2955081644,Industrial,141.2817250898197,8,1,Miami
25054,15143,1143538.3676214488,Institutional,209.5400018546368,2,1,San Francisco
25591,24900,1264544.0151624556,Industrial,231.39804112912742,4,1,San Francisco
42656,13894,1996011.3013286681,Institutional,318.46374046447704,10,3,Houston
44965,16869,1555842.2971039866,Residential,343.358300050535,10,0,Los Angeles
27700,24530,805891.1413093569,Commercial,203.5078639670093,5,1,Dallas
30256,24042,1379074.6223051178,Institutional,236.33007686825914,8,3,Houston
35753,14197,1390786.4318862043,Residential,306.9321780714382,10,0,Los Angeles
15037,21795,497072.0587116476,Industrial,126.44283137760672,2,3,Atlanta
26503,17198,1059104.2447028796,Commercial,235.12137744541667,3,3,Miami
49194,8113,1015952.2247876133,Residential,369.43717265004113,1,1,Dallas
20013,22350,954244.5746717798,Commercial,174.7700686212051,9,3,Dallas
32215,25247,1877964.8462074646,Commercial,275.1596844260021,9,3,Los Angeles
32106,15292,1204180.7894725387,Industrial,281.56116476630626,8,1,Atlanta
16288,21176,809496.6039914886,Industrial,175.6720060745418,5,2,Dallas
46394,27532,2227417.151006036,Commercial,338.44894982048027,6,3,San Francisco
24582,25343,649621.2724083891,Institutional,177.61347160858213,3,0,Houston
31814,19991,1156700.3752642977,Residential,249.25529972025262,6,1,San Francisco
31141,29625,1591429.7823646148,Commercial,261.9637501834757,6,2,San Francisco
41722,17841,1889886.5657959604,Institutional,307.6738405854229,8,3,Dallas
18378,11245,903663.4816456923,Commercial,176.38481074429166,4,1,San Francisco
29263,6294,1623280.1362720923,Commercial,237.8432434098304,9,3,Los Angeles
42115,15529,1586311.4411601159,Industrial,345.3307735022892,10,1,Atlanta
37657,23057,1861385.2533467514,Industrial,329.75220616261896,2,2,New York
24622,7495,1074533.5086042457,Industrial,218.0465723628745,1,1,New York
12241,29912,498644.7633176408,Residential,172.69082712299246,2,1,Dallas
14548,24804,905363.795354133,Institutional,167.97101954622133,3,0,New York
27999,24682,573787.4913130765,Residential,218.58571097641007,1,0,Miami
26791,6028,1481558.73428178,Institutional,250.84592326464,6,0,San Francisco
39863,6977,1706746.7451771668,Commercial,345.9504905598797,4,3,Chicago
32905,29796,1327836.5236520383,Institutional,259.4064026670648,6,3,Atlanta
21385,25566,640769.3651789724,Residential,164.3788655261112,2,1,San Francisco
11864,27469,836666.9678279986,Institutional,147.1062800576701,1,3,Los Angeles
32722,18728,1471831.9607776834,Industrial,262.07834059431684,1,3,San Francisco
29198,19343,1282006.8986267983,Commercial,258.99129265187844,5,1,Los Angeles
19063,18066,789280.1326720542,Industrial,203.84300947108832,3,0,Chicago
44589,10410,870685.905171361,Residential,316.6130564259495,1,1,Dallas
35159,16541,1728668.3501453656,Institutional,291.1318849977459,10,3,Atlanta
16842,16926,652001.0061090116,Commercial,163.62406828759939,4,1,Miami
22197,11394,1085107.5466577653,Residential,184.54209977172883,9,2,New York
22436,28639,1383468.8316383273,Industrial,197.0753321422119,8,3,Los Angeles
39431,29231,2330389.420696526,Institutional,316.1564808976429,5,3,San Francisco
45879,12693,1982206.555155729,Institutional,350.2441125816289,9,1,Miami
13359,17522,702096.4867384344,Institutional,112.223214663486,7,1,Los Angeles
15447,15883,797282.5272553002,Commercial,132.56557796155798,8,1,San Francisco
49218,28488,2435250.1630964614,Institutional,374.8340799378872,6,1,San Francisco
30719,20516,1033361.802355628,Residential,278.34661342912534,8,0,Chicago
31099,20529,1605508.9710572506,Institutional,260.04356512103186,9,2,Miami
12651,9439,605307.5097961188,Institutional,124.77994429934421,2,2,Chicago
18745,16672,1014562.7777810291,Commercial,154.84779880662836,5,3,New York
12223,18383,730187.7014694106,Residential,158.49956889852893,8,3,Miami
32362,12072,1276989.0163639502,Institutional,243.23600311694292,5,0,Los Angeles
17362,28457,784977.5054446411,Institutional,185.3547828676838,3,0,Chicago
25725,29847,898341.6383397134,Residential,183.3350282325946,9,0,New York
18174,13598,407455.9189188782,Residential,155.96398810291987,3,0,Houston
20224,6649,1035426.2113601011,Institutional,189.3350786487042,6,0,Los Angeles
22124,5722,748774.2694532765,Residential,170.66080215459291,7,0,San Francisco
22077,25239,1109083.300224184,Commercial,191.3532264016881,4,2,New York
17127,22151,1044054.0770623365,Residential,184.13652152774895,9,2,San Francisco
37409,17829,1388650.2971609514,Industrial,305.5470641526473,4,3,Houston
32257,15253,745766.999025215,Residential,225.98999970461063,1,2,Chicago
37697,14656,2049494.4529116424,Institutional,333.658030592046,1,3,San Francisco
45396,18024,1178566.8634899175,Residential,366.2989474716137,7,1,Atlanta
42390,11121,1627592.3774039359,Commercial,313.7829915951294,9,3,Houston
49654,13728,3013554.4361474733,Industrial,400.397857693914,9,2,New York
30201,26228,565427.3643351621,Residential,217.5766673728377,2,1,Atlanta
49611,9817,1353143.8736339808,Commercial,395.65610340174874,5,0,Houston
18312,6602,854726.3381126239,Commercial,199.23690865096125,7,1,Dallas
10376,7629,651405.8363938981,Industrial,123.78493394532876,4,3,Chicago
30263,28687,941359.233095099,Commercial,229.88015460197775,2,3,Dallas
42301,12562,1234271.339359271,Residential,340.7236271523178,4,2,Miami
11651,21795,380954.89643537,Commercial,116.23337801231733,4,0,Houston
43005,21313,1821444.663742452,Industrial,320.7672343868786,7,3,Miami
16622,26015,749271.4633696375,Industrial,163.36810207780337,2,3,Miami
10102,28683,596093.900800099,Institutional,113.42826712337164,3,3,Miami
43051,25362,1286850.4337557314,Industrial,352.75505311286497,5,0,Houston
45699,6872,1848708.2518806031,Industrial,341.03974540300374,9,1,Chicago
21263,13655,769284.7627740867,Commercial,207.63421397411247,7,0,Houston
27018,28415,852869.4557421624,Commercial,225.6268401434292,1,2,Miami
30414,11369,1241816.714664875,Residential,287.29131629031235,9,3,Houston
35228,22789,1330377.7351170026,Commercial,272.89799694707744,7,0,Los Angeles
16573,28888,753738.1703947567,Industrial,158.61493484738145,3,0,San Francisco
33073,29893,1747876.5997295547,Industrial,306.51595814561495,8,2,Chicago
43885,20093,1406451.757122528,Commercial,340.33920317544545,10,0,Houston
18880,6898,605435.390923071,Residential,163.08023997927836,8,1,Dallas
17319,21888,671123.6753271027,Industrial,169.47567558765218,6,1,Atlanta
42376,9093,2170821.05809172,Industrial,310.61427685607265,7,2,New York
43185,17879,1398266.519375088,Commercial,345.2509924382933,8,0,Dallas
27196,23085,1208779.3230784608,Commercial,235.93994497212918,4,1,San Francisco
10059,17217,609813.4363117715,Commercial,130.30201630593407,5,3,Dallas
27285,6787,1171045.0758947511,Institutional,233.97504013881138,7,0,Chicago
49266,5915,1336894.443553663,Commercial,368.29048031781343,3,1,Dallas
40556,18545,1619775.7475225667,Institutional,339.0425426525519,1,3,Miami
31319,22364,1308715.874793753,Institutional,249.03018406236674,7,1,Miami
20163,7000,1175141.5799102325,Residential,222.51201513093156,7,3,Los Angeles
20033,25489,562982.1671027497,Residential,187.38744900445175,4,1,Houston
43456,9315,1570800.0562622147,Institutional,330.3643843024795,7,1,Houston
31262,23723,836607.2150025499,Institutional,251.6111924819699,1,0,Houston
39989,8705,1813376.0333386308,Industrial,343.44243055655886,3,2,Los Angeles
26351,6297,748070.707235094,Commercial,218.73412492254215,1,2,Houston
28792,13058,832186.1598607487,Residential,216.1522493144802,3,0,New York
46373,11486,2604310.9910996435,Institutional,371.6727545454037,9,3,Chicago
32201,14466,863858.5161035568,Institutional,226.6452882339123,3,1,Atlanta
29713,11830,1014894.3755472616,Residential,246.03500013266947,6,2,Chicago
25610,21844,1533023.2197544111,Industrial,236.5776573695079,6,2,San Francisco
14160,5721,799569.7599196272,Institutional,150.04827772359883,10,0,Miami
35231,17748,1310989.367997145,Institutional,267.54885061166226,9,0,Dallas
14636,16059,571533.0927514845,Residential,166.26417243679546,3,0,Los Angeles
26837,12270,753057.150082651,Commercial,220.192149146974,1,2,Houston
43457,20212,2345284.056384689,Commercial,331.78200620826726,10,3,Los Angeles
10299,24039,510902.1106853245,Residential,136.24056284941986,1,2,Los Angeles
17016,7103,707462.6303551194,Residential,158.31331588366305,6,3,Chicago
40137,14598,1453396.3639202479,Institutional,329.56833648985213,2,2,Dallas
45535,6222,1283709.0724439623,Residential,345.7802215337272,1,1,San Francisco
39852,24205,1074144.369975482,Residential,289.91750876531233,5,3,Houston
29770,28996,976839.5641698921,Industrial,244.20989104247303,1,0,Los Angeles
34415,22137,1517444.6933596616,Industrial,300.22251767957846,8,3,Atlanta
31108,5256,1776999.8670339459,Institutional,268.6318771026373,8,0,New York
38325,12189,1527879.893217919,Institutional,317.48153625307407,6,0,Chicago
34158,10480,829165.8685579717,Residential,265.33307793855096,6,0,Dallas
25638,7958,1042792.2693805613,Institutional,214.96439278098558,2,2,Chicago
38811,14056,1425556.4068551436,Residential,301.70505965188227,9,0,San Francisco
36717,14908,1723838.1413807864,Commercial,290.318410404747,10,3,Miami
36510,28863,1412505.0422640103,Industrial,280.6152738127801,7,1,Chicago
37544,13568,1358791.5911112933,Residential,294.948656325881,2,3,San Francisco
41548,24416,1792954.1298818914,Commercial,309.3433626435286,4,2,New York
39666,24954,2104859.665224494,Industrial,316.3870348160915,8,1,New York
44995,28890,1133619.4846825786,Residential,343.5210559644177,3,2,Dallas
42520,21387,1579019.117564648,Institutional,358.0542216699882,5,0,Miami
13437,13030,889086.8520284719,Commercial,165.7970819633514,6,3,Chicago
11122,11174,849644.9857797957,Commercial,139.51477599011423,10,0,New York
21062,8189,687576.3394881642,Industrial,151.58208542508027,2,0,San Francisco
34163,13747,1080847.9295686185,Residential,266.87603199225146,8,2,Dallas
30897,26051,1159698.4211397422,Institutional,249.45786263122633,4,1,Miami
26741,28279,892740.6731525328,Industrial,224.62275391317755,4,2,Atlanta
32957,26180,1183288.3191543513,Residential,288.9592964967891,7,2,Miami
34982,9887,1346821.4804494588,Institutional,241.106602300297,9,2,Houston
35618,25896,878601.2980435643,Residential,281.1524153739406,6,0,Dallas
17682,7875,508703.47892808856,Residential,147.9864665972621,6,0,Chicago
47600,8426,1589799.7053911276,Residential,398.69585088178746,10,0,Chicago
26934,16565,1782752.2636350056,Institutional,242.5513283857151,9,2,Los Angeles
41967,13642,1336217.3255294133,Commercial,367.2692436004709,2,1,Miami
37353,18594,1796728.3636014366,Industrial,280.4583484642602,9,3,Chicago
48418,11805,1387918.967357203,Residential,388.2290817782385,7,0,Chicago
22749,6307,1100826.5994694133,Industrial,213.66975921378366,4,0,New York
32455,5245,1024045.2404984924,Institutional,279.98502816090013,3,0,Houston
45113,5312,1560619.218860944,Residential,358.76303881860787,10,2,Dallas
41497,18167,1100498.860613911,Industrial,303.26798407570294,2,2,Atlanta
23127,18328,1285186.6124244505,Residential,235.38216344770154,5,3,New York
44714,19179,1319770.9262820415,Residential,349.0303276117795,6,1,Chicago
16734,25237,526374.7319211155,Industrial,143.03661193508574,4,0,Dallas
13336,23716,352072.3088481675,Residential,121.92980393010126,3,0,Miami
36567,5930,1489175.738371368,Institutional,281.4013111057007,9,2,Atlanta
40690,22116,1112053.6497699143,Commercial,293.0312647615058,4,1,Dallas
30559,16308,1283263.7922064248,Commercial,299.1290890924067,1,3,Chicago
12845,27532,378496.0905831612,Commercial,109.70901176323515,4,0,Dallas
14655,15540,597985.2755611364,Industrial,154.43834596103727,3,0,Chicago
48959,12519,1932350.4169795178,Industrial,399.2459539213879,6,1,Chicago
19975,22310,756826.3444116352,Institutional,161.79281586481432,8,1,Atlanta
14033,22486,520489.83904269704,Industrial,116.18076764345916,9,0,Dallas
13303,18494,564555.650555415,Residential,154.8849521414033,8,2,Atlanta
35167,27932,1517149.4947193994,Residential,281.8343424533889,10,1,San Francisco
20895,27154,1203447.3395459005,Institutional,192.35921511223182,7,1,Los Angeles
42478,11509,1121672.6506901416,Commercial,319.56485774647905,7,0,Atlanta
37686,5793,1099387.6071900125,Industrial,279.6570022359616,2,3,Atlanta
30970,13047,1597244.8997348996,Institutional,262.27338255088665,10,2,Dallas
36739,29694,1588997.7571753643,Industrial,311.12894681535175,9,2,Houston
12036,25082,677287.6258857391,Residential,144.48802685562435,6,2,Los Angeles
34630,16953,1199987.2178527762,Institutional,273.4078874123436,3,2,Houston
26838,26520,982480.5255207038,Commercial,238.17709709592816,3,0,Los Angeles
44477,29681,1339610.7751688226,Commercial,326.4158808890894,5,2,Houston
45538,14414,2386267.3924207306,Institutional,353.16792724619523,3,3,San Francisco
44819,23170,1735307.8994661863,Institutional,330.204633360199,3,3,Miami
39543,19606,1220099.6345658253,Commercial,322.7776811020702,2,2,Dallas
38411,9362,1100613.407933231,Residential,335.8088201169279,4,2,Houston
18452,6065,387248.6184941313,Residential,148.22913626569618,1,1,Houston
47404,8378,1759658.1900723148,Industrial,380.87839611954865,6,1,Miami
39174,5632,1644119.5041034457,Institutional,316.3289089184118,8,0,Chicago
42936,25359,1023012.6841496055,Residential,344.59374623986713,6,0,Houston
27120,6976,790634.3978822686,Residential,231.68773564315566,1,3,Miami
42281,21232,1434916.0876209605,Institutional,330.09341790222237,4,2,Atlanta
11905,20288,785877.8987636984,Industrial,122.67075093089697,3,3,New York
32458,17393,1283330.2692706254,Institutional,251.48545351178234,8,2,Atlanta
41746,5231,2092526.7863276654,Commercial,320.6937603567303,10,2,Los Angeles
20800,13635,1092553.5774528058,Industrial,208.43894563736376,7,2,Miami
37667,5308,1300131.8102418373,Commercial,321.0202000597129,6,2,Atlanta
37816,13083,1196063.15652622,Commercial,306.6828606477487,1,3,Dallas
25760,27651,1039327.84231439,Industrial,234.3361837830064,5,1,Miami
18518,21474,720268.9246039294,Institutional,158.30086255031415,7,0,Dallas
10954,12947,841496.6293211757,Institutional,142.47561977924667,8,0,Los Angeles
15848,19685,639878.9999082164,Residential,135.7833421555897,10,3,Dallas
18598,26526,797672.4485954405,Industrial,154.15747692397966,9,1,Miami
29186,28309,1053285.5627683909,Institutional,227.98388804510626,3,2,Dallas
38441,15808,1126066.2292734913,Residential,324.9830387513683,3,2,Miami
28091,28891,864361.0145650018,Residential,264.68471259406755,6,1,Houston
